FirstName,LastName,Name,Gender,Age,Contact,Email,Country,Location,FatherName,Role,About,Status,Time,Date,CountryName,Portfolio,DOB,Street,City,Number,Postcode,DateOfBirth,Ethnicity,Disability,EmployeeStatus,Employer,TrainingCentre,NationalInsurance
John,Doe,John Doe,Male,35,+441234567890,john.doe@example.com,UK,London,Richard Doe,Developer,Experienced developer,1,10:30,2023-12-13,UK,Developer Portfolio,1988-01-01,123 Elm St,London,1,EC1A 1BB,1988-01-01,Caucasian,None,Employed,TechCorp,Tech Training Centre,AB123456C
Jane,Smith,Jane Smith,Female,28,+441234567891,jane.smith@example.com,United Kingdom,Manchester,Robert Smith,Designer,Creative designer,2,14:00,2023-12-12,United Kingdom,Designer Portfolio,1995-05-05,456 Oak St,Manchester,2,MC2 3LN,1995-05-05,Asian,None,Employed,DesignStudio,Design Training Centre,CD789012E
Alice,Johnson,Alice Johnson,Female,40,+441234567892,alice.johnson@example.com,United Kingdom,Birmingham,Michael Johnson,Manager,Experienced manager,3,09:00,2023-12-11,United Kingdom,Manager Portfolio,1983-03-03,789 Pine St,Birmingham,3,BM4 5YP,1983-03-03,African American,None,Employed,ManageCo,Manage Training Centre,EF456789G
Bob,Brown,Bob Brown,Male,45,+441234567893,bob.brown@example.com,United Kingdom,Bristol,David Brown,Consultant,Skilled consultant,1,11:00,2023-12-10,United Kingdom,Consultant Portfolio,1978-08-08,321 Maple St,Bristol,4,BR6 7GH,1978-08-08,Latino,None,Employed,ConsultCorp,Consult Training Centre,GH234567I
Emily,White,Emily White,Female,32,+441234567894,emily.white@example.com,United Kingdom,Leeds,Samuel White,Analyst,Data analyst expert,2,13:00,2023-12-09,United Kingdom,Analyst Portfolio,1991-07-07,654 Birch St,Leeds,5,LS8 2QR,1991-07-07,Caucasian,None,Employed,DataCorp,Data Training Centre,IJ345678K
Michael,Green,Michael Green,Male,38,+441234567895,michael.green@example.com9,United Kingdom,Liverpool,Andrew Green,Engineer,Civil engineer,3,15:00,2023-12-08,United Kingdom,Engineer Portfolio,1985-02-02,789 Cedar St,Liverpool,6,L12 3DE,1985-02-02,Asian,None,Employed,BuildCorp,Build Training Centre,KL456789L
Sophia,Wilson,Sophia Wilson,Female,27,+441234567896,sophia.wilson10@example.com,United Kingdom,Sheffield,Edward Wilson,Marketer,Digital marketing specialist,1,12:00,2023-12-07,United Kingdom,Marketer Portfolio,1996-11-11,321 Elm St,Sheffield,7,S1 2LT,1996-11-11,Asian,None,Employed,MarketCo,Market Training Centre,MN567890M
Oliver,Taylor,Oliver Taylor,Male,41,+441234567897,oliver.taylor@example.com,UK,Newcastle,George Taylor,Teacher,Experienced teacher,2,10:00,2023-12-06,UK,Teacher Portfolio,1982-09-09,654 Maple St,Newcastle,8,NE1 3AD,1982-09-09,African American,None,Employed,TeachCorp,Teach Training Centre,NO678901N
Chloe,Thomas,Chloe Thomas,Female,36,+441234567898,chloe.thomas@example.com,United Kingdom,Nottingham,Henry Thomas,Nurse,Healthcare professional,3,08:00,2023-12-05,UK,Nurse Portfolio,1987-04-04,789 Birch St,Nottingham,9,NG1 2AF,1987-04-04,Asian,None,Employed,HealthCorp,Health Training Centre,OP789012O
James,Moore,James Moore,Male,30,+441234567899,james.moore@example.com,UK,Southampton,William Moore,Architect,Creative architect,1,16:00,2023-12-04,UK,Architect Portfolio,1993-06-06,321 Cedar St,Southampton,10,SO1 3AB,1993-06-06,Caucasian,None,Employed,BuildDesign,Architect Training Centre,PQ890123P
